--
-- PostgreSQL database dump
--

-- Dumped from database version 9.6.0
-- Dumped by pg_dump version 9.6.0

SET statement_timeout = 0;
SET lock_timeout = 0;
SET idle_in_transaction_session_timeout = 0;
SET client_encoding = 'UTF8';
SET standard_conforming_strings = on;
SET check_function_bodies = false;
SET client_min_messages = warning;
SET row_security = off;

--
-- Name: plpgsql; Type: EXTENSION; Schema: -; Owner: 
--

CREATE EXTENSION IF NOT EXISTS plpgsql WITH SCHEMA pg_catalog;


--
-- Name: EXTENSION plpgsql; Type: COMMENT; Schema: -; Owner: 
--

COMMENT ON EXTENSION plpgsql IS 'PL/pgSQL procedural language';


SET search_path = public, pg_catalog;

SET default_tablespace = '';

SET default_with_oids = false;

--
-- Name: company; Type: TABLE; Schema: public; Owner: postgres
--

CREATE TABLE company (
    id integer NOT NULL,
    name text
);


ALTER TABLE company OWNER TO postgres;

--
-- Name: company_id_seq; Type: SEQUENCE; Schema: public; Owner: postgres
--

CREATE SEQUENCE company_id_seq
    START WITH 1
    INCREMENT BY 1
    NO MINVALUE
    NO MAXVALUE
    CACHE 1;


ALTER TABLE company_id_seq OWNER TO postgres;

--
-- Name: company_id_seq; Type: SEQUENCE OWNED BY; Schema: public; Owner: postgres
--

ALTER SEQUENCE company_id_seq OWNED BY company.id;


--
-- Name: main_cat; Type: TABLE; Schema: public; Owner: postgres
--

CREATE TABLE main_cat (
    id integer NOT NULL,
    name text
);


ALTER TABLE main_cat OWNER TO postgres;

--
-- Name: main_cat_id_seq; Type: SEQUENCE; Schema: public; Owner: postgres
--

CREATE SEQUENCE main_cat_id_seq
    START WITH 1
    INCREMENT BY 1
    NO MINVALUE
    NO MAXVALUE
    CACHE 1;


ALTER TABLE main_cat_id_seq OWNER TO postgres;

--
-- Name: main_cat_id_seq; Type: SEQUENCE OWNED BY; Schema: public; Owner: postgres
--

ALTER SEQUENCE main_cat_id_seq OWNED BY main_cat.id;


--
-- Name: product; Type: TABLE; Schema: public; Owner: postgres
--

CREATE TABLE product (
    id integer NOT NULL,
    name character varying,
    company_id integer
);


ALTER TABLE product OWNER TO postgres;

--
-- Name: secondary_cat; Type: TABLE; Schema: public; Owner: postgres
--

CREATE TABLE secondary_cat (
    id integer NOT NULL,
    name text,
    main_cat_id integer
);


ALTER TABLE secondary_cat OWNER TO postgres;

--
-- Name: product_category_id_seq; Type: SEQUENCE; Schema: public; Owner: postgres
--

CREATE SEQUENCE product_category_id_seq
    START WITH 1
    INCREMENT BY 1
    NO MINVALUE
    NO MAXVALUE
    CACHE 1;


ALTER TABLE product_category_id_seq OWNER TO postgres;

--
-- Name: product_category_id_seq; Type: SEQUENCE OWNED BY; Schema: public; Owner: postgres
--

ALTER SEQUENCE product_category_id_seq OWNED BY secondary_cat.id;


--
-- Name: product_uses_category; Type: TABLE; Schema: public; Owner: postgres
--

CREATE TABLE product_uses_category (
    id integer NOT NULL,
    product_id integer,
    secondary_cat_id integer
);


ALTER TABLE product_uses_category OWNER TO postgres;

--
-- Name: product_uses_category_id_seq; Type: SEQUENCE; Schema: public; Owner: postgres
--

CREATE SEQUENCE product_uses_category_id_seq
    START WITH 1
    INCREMENT BY 1
    NO MINVALUE
    NO MAXVALUE
    CACHE 1;


ALTER TABLE product_uses_category_id_seq OWNER TO postgres;

--
-- Name: product_uses_category_id_seq; Type: SEQUENCE OWNED BY; Schema: public; Owner: postgres
--

ALTER SEQUENCE product_uses_category_id_seq OWNED BY product_uses_category.id;


--
-- Name: users; Type: TABLE; Schema: public; Owner: postgres
--

CREATE TABLE users (
    id integer NOT NULL,
    name character varying,
    user_name text,
    password text
);


ALTER TABLE users OWNER TO postgres;

--
-- Name: project_id_seq; Type: SEQUENCE; Schema: public; Owner: postgres
--

CREATE SEQUENCE project_id_seq
    START WITH 1
    INCREMENT BY 1
    NO MINVALUE
    NO MAXVALUE
    CACHE 1;


ALTER TABLE project_id_seq OWNER TO postgres;

--
-- Name: project_id_seq; Type: SEQUENCE OWNED BY; Schema: public; Owner: postgres
--

ALTER SEQUENCE project_id_seq OWNED BY users.id;


--
-- Name: review; Type: TABLE; Schema: public; Owner: postgres
--

CREATE TABLE review (
    user_id integer,
    product_id integer,
    rating integer,
    review character varying,
    id integer NOT NULL,
    date timestamp without time zone
);


ALTER TABLE review OWNER TO postgres;

--
-- Name: review_id_seq; Type: SEQUENCE; Schema: public; Owner: postgres
--

CREATE SEQUENCE review_id_seq
    START WITH 1
    INCREMENT BY 1
    NO MINVALUE
    NO MAXVALUE
    CACHE 1;


ALTER TABLE review_id_seq OWNER TO postgres;

--
-- Name: review_id_seq; Type: SEQUENCE OWNED BY; Schema: public; Owner: postgres
--

ALTER SEQUENCE review_id_seq OWNED BY review.id;


--
-- Name: tech_id_seq; Type: SEQUENCE; Schema: public; Owner: postgres
--

CREATE SEQUENCE tech_id_seq
    START WITH 1
    INCREMENT BY 1
    NO MINVALUE
    NO MAXVALUE
    CACHE 1;


ALTER TABLE tech_id_seq OWNER TO postgres;

--
-- Name: tech_id_seq; Type: SEQUENCE OWNED BY; Schema: public; Owner: postgres
--

ALTER SEQUENCE tech_id_seq OWNED BY product.id;


--
-- Name: company id; Type: DEFAULT; Schema: public; Owner: postgres
--

ALTER TABLE ONLY company ALTER COLUMN id SET DEFAULT nextval('company_id_seq'::regclass);


--
-- Name: main_cat id; Type: DEFAULT; Schema: public; Owner: postgres
--

ALTER TABLE ONLY main_cat ALTER COLUMN id SET DEFAULT nextval('main_cat_id_seq'::regclass);


--
-- Name: product id; Type: DEFAULT; Schema: public; Owner: postgres
--

ALTER TABLE ONLY product ALTER COLUMN id SET DEFAULT nextval('tech_id_seq'::regclass);


--
-- Name: product_uses_category id; Type: DEFAULT; Schema: public; Owner: postgres
--

ALTER TABLE ONLY product_uses_category ALTER COLUMN id SET DEFAULT nextval('product_uses_category_id_seq'::regclass);


--
-- Name: review id; Type: DEFAULT; Schema: public; Owner: postgres
--

ALTER TABLE ONLY review ALTER COLUMN id SET DEFAULT nextval('review_id_seq'::regclass);


--
-- Name: secondary_cat id; Type: DEFAULT; Schema: public; Owner: postgres
--

ALTER TABLE ONLY secondary_cat ALTER COLUMN id SET DEFAULT nextval('product_category_id_seq'::regclass);


--
-- Name: users id; Type: DEFAULT; Schema: public; Owner: postgres
--

ALTER TABLE ONLY users ALTER COLUMN id SET DEFAULT nextval('project_id_seq'::regclass);


--
-- Data for Name: company; Type: TABLE DATA; Schema: public; Owner: postgres
--

COPY company (id, name) FROM stdin;
1	Samsung
2	Sony
3	Giant
4	Calvin Klein
5	Polaris
6	Apple
7	Armani Exchange
8	Nintendo
9	Cheverolet
10	Adidas
11	Hollister
12	Ford
13	Dodge
14	Google
15	China
16	Asus
17	Air Jordan
18	Ferrari
19	Columbia
20	Lucas Films
21	Sara Lee
22	Carthartt
23	Levis
\.


--
-- Name: company_id_seq; Type: SEQUENCE SET; Schema: public; Owner: postgres
--

SELECT pg_catalog.setval('company_id_seq', 23, true);


--
-- Data for Name: main_cat; Type: TABLE DATA; Schema: public; Owner: postgres
--

COPY main_cat (id, name) FROM stdin;
1	Electronics
2	Outdoors
3	Clothes
4	Vehicles
5	Food
6	Entertainment
7	Other
\.


--
-- Name: main_cat_id_seq; Type: SEQUENCE SET; Schema: public; Owner: postgres
--

SELECT pg_catalog.setval('main_cat_id_seq', 8, false);


--
-- Data for Name: product; Type: TABLE DATA; Schema: public; Owner: postgres
--

COPY product (id, name, company_id) FROM stdin;
1	UHD-4K	1
2	HD-720P	2
3	Mountain Bike	3
4	Play Station 4	2
5	Jean Jacket	4
6	Sportsman 450	5
7	MacBook Pro	6
8	iPhone 7	6
9	Galaxy Note 7	1
10	Cashmere Cardigan	7
11	Wii U	8
12	Corvette Z06	9
13	Yeezy 450	10
14	Fedora	11
15	Leather	4
16	F-150	12
17	Silverado	9
18	Ram 1500	13
19	Nexus 6P	14
20	OnePlus 3	15
21	iPad Pro 9.7	6
22	Galaxy Tab S	1
23	Galaxy Tab S 3	1
24	G2	16
25	MacBook Air	6
26	Jordans	17
27	Spyder	18
28	Backpack	19
29	Pixel	14
30	Star Wars	20
31	Galaxy Watch	1
32	New TV	2
33	Shoes	2
34	IDK	21
35	Walking stick	7
36	Playstation Pro	2
37	Wheelchair	18
38	Explorer LTD	12
39	Big fluffy parka	22
40	addnew	22
41	GameBoy Color	8
\.


--
-- Name: product_category_id_seq; Type: SEQUENCE SET; Schema: public; Owner: postgres
--

SELECT pg_catalog.setval('product_category_id_seq', 23, true);


--
-- Data for Name: product_uses_category; Type: TABLE DATA; Schema: public; Owner: postgres
--

COPY product_uses_category (id, product_id, secondary_cat_id) FROM stdin;
1	1	1
2	2	1
3	3	2
4	4	3
5	5	4
6	6	5
7	7	6
8	8	7
9	9	7
10	10	8
11	3	3
12	11	3
13	12	9
14	13	10
15	14	11
16	15	4
17	16	12
18	17	12
19	18	12
20	19	7
21	20	7
22	21	13
23	22	13
24	23	13
25	24	14
26	25	14
27	26	10
28	27	9
29	28	15
30	29	7
31	30	16
32	31	17
33	32	14
34	33	10
35	34	20
36	35	21
37	36	3
38	37	19
39	38	22
40	39	4
41	40	23
42	41	18
\.


--
-- Name: product_uses_category_id_seq; Type: SEQUENCE SET; Schema: public; Owner: postgres
--

SELECT pg_catalog.setval('product_uses_category_id_seq', 42, true);


--
-- Name: project_id_seq; Type: SEQUENCE SET; Schema: public; Owner: postgres
--

SELECT pg_catalog.setval('project_id_seq', 9, true);


--
-- Data for Name: review; Type: TABLE DATA; Schema: public; Owner: postgres
--

COPY review (user_id, product_id, rating, review, id, date) FROM stdin;
2	3	4	Good bike for the mountains.	11	2016-02-28 00:00:00
3	11	4	Pretty dope and fresh	13	2016-05-12 00:00:00
3	12	5	Too slow, but overall a good family car	14	2016-10-03 00:00:00
1	3	4	Wooohooo	12	2015-07-12 00:00:00
4	13	1	Shit	15	2016-10-18 00:00:00
1	14	5	Great for tipping	16	2016-08-23 00:00:00
2	15	4	Good	17	2016-10-21 00:00:00
1	16	4	Like a rock	18	2016-10-21 00:00:00
4	17	3	Like a rock	19	2016-10-21 00:00:00
2	18	3	Built ford tough	20	2016-10-21 00:00:00
3	19	4	Nexus-y	21	2016-10-21 00:00:00
2	22	4	Okay tablet	24	2016-10-21 00:00:00
2	24	3	Good laptop	26	2016-10-21 00:00:00
1	20	2	Something	22	2016-10-21 00:00:00
4	25	5	Good laptop	27	2016-10-21 00:00:00
4	21	3	Good tablet	23	2016-10-21 00:00:00
1	1	4	Good TV	1	2016-10-12 00:00:00
1	2	3	Okay TV	2	2016-10-09 00:00:00
1	3	4	Best Bike NA	3	2015-09-24 00:00:00
1	4	5	Way better than XBone	4	2015-07-15 00:00:00
1	5	5	I love my jacket stiff	5	2016-10-09 00:00:00
1	6	4	Do not drive on the highway	6	2016-02-28 00:00:00
1	7	4	Pretty professional	7	2016-10-09 00:00:00
1	8	5	I've already forgotten what headphones are!!!	8	2016-10-09 00:00:00
1	9	2	Don't breathe in the smoke.	9	2016-10-09 00:00:00
2	10	5	Super soft, and only $15,000!!!	10	2016-10-09 00:00:00
3	23	4	Okay tablet	25	2016-10-21 00:00:00
1	26	4	Good for walking in	28	2016-10-21 00:00:00
3	8	3	Threw it in ocean, it sunk to the bottom	29	2016-10-21 00:00:00
3	27	5	Fast	30	2016-10-21 00:00:00
2	29	2	Bad phone	32	2016-10-21 00:00:00
3	30	4	Great war, 10/10	33	2016-10-21 00:00:00
4	28	4	Carries Stuff	31	2016-10-21 00:00:00
1	1	1	Great TV	34	2016-10-21 00:00:00
4	31	3	Battery life isn't great	35	2016-10-21 00:00:00
5	30	2	Not enough ewoks	36	2016-10-22 00:00:00
6	2	3	ohkb	37	2016-10-23 00:00:00
6	33	5	jnonon	38	2016-10-23 00:00:00
1	36	4	Pro	44	2016-10-24 00:00:00
1	35	4	Really helps with my walking. 8/8	43	2016-10-24 00:00:00
1	27	5	Fastest wheel chair of all time	41	2016-10-24 00:00:00
1	31	4	Worst watch of all time	39	2016-10-24 00:00:00
1	34	5	Good	42	2016-10-24 00:00:00
1	15	2	Something	40	2016-10-24 00:00:00
1	37	5	0-100 in .2 seconds	45	2016-10-24 00:00:00
7	35	5	It's like having another leg!	46	2016-10-24 00:00:00
1	38	4	This review is for the 2015 model of the Ford Explorer line. I got the Ruby Red model, which is an awesome shade of darker red. The model has leather seats, with power everything. A real step up from my 2001 Corolla, which was manual from top to bottom.\r\n\r\nThe Explorer drives great for an SUV. IT has a turbo charger with the 3.5 L V6. Ford has been doing this for a few years now, which allow them to produce a more fuel efficient engine that still has great power. The 8-speed automatic transmission isn't perfect, but it's not too bad, and is another feature that improves fuel economy.\r\n\r\nOverall, I have been very satisfied with the way this car drives, and all of the amenities in it. Definitely a good purchase.	47	2016-10-24 00:00:00
2	39	5	So big and so fluffy. It's like wrapping myself in an an angel's beard.\r\n\r\nWould definitely buy again, or as a present for a friend.	48	2016-10-24 00:00:00
2	38	2	Too damn big, and ugly to boot.<br />\r\n\r\nThis dude I know named Rob has one and he's a total chump.	49	2016-10-24 00:00:00
2	40	5	I like shorts!&#13;\r\n\r\nThey're comfortable and easy to wear.	50	2016-10-24 00:00:00
1	40	3	I like playing PokeMans on my GameBoy Color. It's not nearly as good as PokeMans Go, but it's still fun.	51	2016-10-24 00:00:00
1	41	3	I like playing PokeMans on it, but PokeMans go is way better. 	52	2016-10-24 00:00:00
2	39	5	can't get enough of this jacket	53	2016-10-24 00:00:00
\.


--
-- Name: review_id_seq; Type: SEQUENCE SET; Schema: public; Owner: postgres
--

SELECT pg_catalog.setval('review_id_seq', 53, true);


--
-- Data for Name: secondary_cat; Type: TABLE DATA; Schema: public; Owner: postgres
--

COPY secondary_cat (id, name, main_cat_id) FROM stdin;
1	TV	1
2	Bikes	2
3	Gaming Consoles	1
4	Jackets	3
5	ATV	2
6	Computers	1
7	Phones	1
8	Cardigans	3
9	Sports Cars	4
10	Shoes	3
11	Hats	3
12	Trucks	4
13	Tablet	1
14	Laptop	1
15	Hiking Packs	6
16	Movies	6
17	Wearables	1
18	Handheld	1
19	Wheel Chairs	4
20	Croissants	5
21	Walking Sticks	2
22	SUV	4
23	Shorts	3
\.


--
-- Name: tech_id_seq; Type: SEQUENCE SET; Schema: public; Owner: postgres
--

SELECT pg_catalog.setval('tech_id_seq', 41, true);


--
-- Data for Name: users; Type: TABLE DATA; Schema: public; Owner: postgres
--

COPY users (id, name, user_name, password) FROM stdin;
1	Robert Dunn	robdunn220	GoBolts27
2	John	john_or_juan	Spain2016
3	Jesslyn	go_dawgs420	WoofWoof
4	Marissa Cioffi	mcioffi86	GoMichigan5
5	Morgan	mcharles23	GoHabsGo
6	Tyler Turner	jonnyxtreme92	Freedom0155
7	DeeAnn	dkendrick	123456
8	Jesslyn	call_me_jess	gatech123
9	Che Blankenship	big_daddy	bighuge
\.


--
-- Name: company company_pkey; Type: CONSTRAINT; Schema: public; Owner: postgres
--

ALTER TABLE ONLY company
    ADD CONSTRAINT company_pkey PRIMARY KEY (id);


--
-- Name: main_cat main_cat_pkey; Type: CONSTRAINT; Schema: public; Owner: postgres
--

ALTER TABLE ONLY main_cat
    ADD CONSTRAINT main_cat_pkey PRIMARY KEY (id);


--
-- Name: secondary_cat product_category_pkey; Type: CONSTRAINT; Schema: public; Owner: postgres
--

ALTER TABLE ONLY secondary_cat
    ADD CONSTRAINT product_category_pkey PRIMARY KEY (id);


--
-- Name: product_uses_category product_uses_category_pkey; Type: CONSTRAINT; Schema: public; Owner: postgres
--

ALTER TABLE ONLY product_uses_category
    ADD CONSTRAINT product_uses_category_pkey PRIMARY KEY (id);


--
-- Name: users project_pkey; Type: CONSTRAINT; Schema: public; Owner: postgres
--

ALTER TABLE ONLY users
    ADD CONSTRAINT project_pkey PRIMARY KEY (id);


--
-- Name: product tech_pkey; Type: CONSTRAINT; Schema: public; Owner: postgres
--

ALTER TABLE ONLY product
    ADD CONSTRAINT tech_pkey PRIMARY KEY (id);


--
-- Name: product company_id; Type: FK CONSTRAINT; Schema: public; Owner: postgres
--

ALTER TABLE ONLY product
    ADD CONSTRAINT company_id FOREIGN KEY (company_id) REFERENCES company(id);


--
-- Name: product_uses_category product_uses_category_product_id_fkey; Type: FK CONSTRAINT; Schema: public; Owner: postgres
--

ALTER TABLE ONLY product_uses_category
    ADD CONSTRAINT product_uses_category_product_id_fkey FOREIGN KEY (product_id) REFERENCES product(id);


--
-- Name: product_uses_category product_uses_category_secondary_cat_id_fkey; Type: FK CONSTRAINT; Schema: public; Owner: postgres
--

ALTER TABLE ONLY product_uses_category
    ADD CONSTRAINT product_uses_category_secondary_cat_id_fkey FOREIGN KEY (secondary_cat_id) REFERENCES secondary_cat(id);


--
-- Name: review project_uses_tech_project_id_fkey; Type: FK CONSTRAINT; Schema: public; Owner: postgres
--

ALTER TABLE ONLY review
    ADD CONSTRAINT project_uses_tech_project_id_fkey FOREIGN KEY (user_id) REFERENCES users(id);


--
-- Name: review project_uses_tech_tech_id_fkey; Type: FK CONSTRAINT; Schema: public; Owner: postgres
--

ALTER TABLE ONLY review
    ADD CONSTRAINT project_uses_tech_tech_id_fkey FOREIGN KEY (product_id) REFERENCES product(id);


--
-- Name: secondary_cat secondary_cat_main_cat_id_fkey; Type: FK CONSTRAINT; Schema: public; Owner: postgres
--

ALTER TABLE ONLY secondary_cat
    ADD CONSTRAINT secondary_cat_main_cat_id_fkey FOREIGN KEY (main_cat_id) REFERENCES main_cat(id);


--
-- PostgreSQL database dump complete
--

